Sensor,Timestamp,X,Y,Z
accelerometer,2023-10-19 22:02:03.811412,-0.2970487088427879,0.22838439273834227,0.17341536971032617
accelerometer,2023-10-19 22:02:03.821407,-0.3647767304778099,0.5070227626815438,0.08772153807282447
accelerometer,2023-10-19 22:02:03.831402,-0.5193672804698348,0.8574874746903777,0.11843465624451636
accelerometer,2023-10-19 22:02:03.841397,-0.7575587084081024,1.0801713176995515,0.25787059946358204
accelerometer,2023-10-19 22:02:03.851392,-0.8386828209772705,1.019902726958692,0.4102525334954262
accelerometer,2023-10-19 22:02:03.861387,-0.6468875257719308,0.9060951459929346,0.19263561848700045
accelerometer,2023-10-19 22:02:03.871382,-0.5631370102219283,0.46797991532087324,0.02306055759191513
accelerometer,2023-10-19 22:02:03.881377,-0.3466986374735832,0.4816416531875729,-0.1495855813115835
accelerometer,2023-10-19 22:02:03.891371,-0.3088394104069099,-0.056743631485104556,-0.6202981364667415
accelerometer,2023-10-19 22:02:03.901366,-0.35015056802574546,-0.37032691195085643,-0.9723813895881176
accelerometer,2023-10-19 22:02:03.911361,-0.05925731763935182,-0.4784402267977595,-0.84270287027359
accelerometer,2023-10-19 22:02:03.921356,0.3834249880528077,-0.659878159444034,-0.8055944981068373
accelerometer,2023-10-19 22:02:03.931351,0.42315943440683185,-0.73803414292261,-0.5970838496178388
accelerometer,2023-10-19 22:02:03.941346,0.3820633808434009,-0.6813298205345869,-0.30095687699615953
accelerometer,2023-10-19 22:02:03.951341,0.33193872910663486,-0.5855535708218813,-0.06120470254719257
accelerometer,2023-10-19 22:02:03.961336,0.11466770492643118,-0.5654354964226483,0.18952070133686064
accelerometer,2023-10-19 22:02:03.971331,-0.4422620116205886,-0.19608868155032394,0.6139502287447453
accelerometer,2023-10-19 22:02:03.981326,-0.4131024065012112,-0.17447423111349344,0.9351613737404346
accelerometer,2023-10-19 22:02:03.991321,0.10468998933471739,-0.16155337474197148,0.7566442969769239
accelerometer,2023-10-19 22:02:04.001315,0.25173202364332975,-0.2858610146731138,0.5386380903899669
accelerometer,2023-10-19 22:02:04.011310,0.3337552770093083,-0.500123650817573,0.39785599325895304
accelerometer,2023-10-19 22:02:04.021305,0.4253052142638713,-0.16141192044466732,0.5095265621960163
accelerometer,2023-10-19 22:02:04.031300,0.19357728325128554,-0.25574980791732665,0.4351280315548181
accelerometer,2023-10-19 22:02:04.041295,0.025953940945863722,-0.19155527590438723,-0.30427520776391026
accelerometer,2023-10-19 22:02:04.051290,-0.025694413226842877,0.0777250447154045,-0.7305605921715498
accelerometer,2023-10-19 22:02:04.061285,-0.17315876460075377,0.0901648395717144,-0.8050105607390403
accelerometer,2023-10-19 22:02:04.071280,-0.11893661441728472,-0.16246902828216553,-0.8840431809216738
accelerometer,2023-10-19 22:02:04.081276,-0.11847191951498388,-0.6021214053936302,-0.8108078488409519
accelerometer,2023-10-19 22:02:04.091271,-0.2674655262827873,-0.7732840277411043,-0.6289437997370958
accelerometer,2023-10-19 22:02:04.101266,-0.7605528487227856,-0.564570988547802,-0.5597738173991441
accelerometer,2023-10-19 22:02:04.111261,-1.9754400953821836,-0.41093087114840743,-0.4357733437210321
accelerometer,2023-10-19 22:02:04.121256,-2.375208644264191,-0.49884778566285964,-0.13259995971918107
accelerometer,2023-10-19 22:02:04.131250,-2.0166446508213878,-0.5698629574760794,0.2546913849055767
accelerometer,2023-10-19 22:02:04.141245,-1.8207570448011159,-0.40305809194669123,0.49855859345793724
accelerometer,2023-10-19 22:02:04.151240,-1.6685156882837413,-0.09839739199653268,0.6416331854403019
accelerometer,2023-10-19 22:02:04.161235,-0.9023622430749237,0.025250322721153497,0.1731312920719385
accelerometer,2023-10-19 22:02:04.171230,-0.16741817512214183,0.10877192488610744,-0.7027852810174227
accelerometer,2023-10-19 22:02:04.181225,0.28134280659630895,0.2959006165198982,-1.365751177343726
accelerometer,2023-10-19 22:02:04.191220,0.40617271683588624,0.5587038500800728,-1.6675842526525257
accelerometer,2023-10-19 22:02:04.201215,0.5021612575924024,0.7021645187705755,-1.5128618929743767
accelerometer,2023-10-19 22:02:04.211210,0.8020918968133628,0.5508545978844166,-1.0463836143881082
accelerometer,2023-10-19 22:02:04.221205,1.2349261183425784,0.2969248450011015,-0.467101963442564
accelerometer,2023-10-19 22:02:04.231199,1.5777831318266688,0.19683745409101247,-0.20675825186371802
accelerometer,2023-10-19 22:02:04.241194,1.9650369209200143,0.32515345288068054,-0.16192893005609513
accelerometer,2023-10-19 22:02:04.251189,2.1647570908404887,0.4359346717625856,0.4015840738713741
accelerometer,2023-10-19 22:02:04.261184,2.027817640612274,0.5006612648256122,0.11834756248295307
accelerometer,2023-10-19 22:02:04.271179,1.7628478766679763,0.5240732662037014,0.028354572346806526
accelerometer,2023-10-19 22:02:04.281174,1.143754147554934,0.7565528193011879,-0.14685586408674717
accelerometer,2023-10-19 22:02:04.291169,-0.31916181125044824,1.9369519592948257,-0.1612941392838955
accelerometer,2023-10-19 22:02:04.301164,-0.09812054781652986,1.1745336089611054,-0.9502046290934085
accelerometer,2023-10-19 22:02:04.311159,0.6382930812321603,0.16565350353717803,-2.0572201145768165
accelerometer,2023-10-19 22:02:04.321154,1.3193679040923714,0.4715788165956735,-2.7367794183075427
accelerometer,2023-10-19 22:02:04.331149,1.3681599920511245,0.46394189197644586,-3.1511557537347077
accelerometer,2023-10-19 22:02:04.341144,0.527556139883399,-0.6289025909438729,-3.4481127474397417
accelerometer,2023-10-19 22:02:04.351138,-0.7370984695076942,-1.562461205662787,-3.5716385893434284
accelerometer,2023-10-19 22:02:04.361133,-1.6053051988720892,-1.4083753903225062,-3.8617011473596095
accelerometer,2023-10-19 22:02:04.371128,-1.6401152309685945,-0.6097820031493902,-4.4832910772025585
accelerometer,2023-10-19 22:02:04.381123,-1.5827476223662496,0.41648952818885443,-5.410169775766134
accelerometer,2023-10-19 22:02:04.391118,-1.1054846226543187,0.4677956447951495,-6.436245930662751
accelerometer,2023-10-19 22:02:04.401113,-0.6170058169230819,0.15271803411841392,-7.257524904635548
accelerometer,2023-10-19 22:02:04.411108,-0.6041511576555669,-0.05636851456239819,-7.551244231593609
accelerometer,2023-10-19 22:02:04.421103,-0.8141084247563034,-0.07540230085626244,-7.12917149644494
accelerometer,2023-10-19 22:02:04.431098,-1.2528370380863547,0.25504575130119916,-6.038626668769121
accelerometer,2023-10-19 22:02:04.441093,-1.9305105280704795,0.38157325923889873,-4.476137113794684
accelerometer,2023-10-19 22:02:04.451088,-2.3179329517289995,0.10088950107321143,-2.258663893419504
accelerometer,2023-10-19 22:02:04.461082,-2.744418534883857,-0.3332631095781922,0.095846392339468
accelerometer,2023-10-19 22:02:04.471077,-3.20380071772933,-0.2359609654724598,2.0228361989378927
accelerometer,2023-10-19 22:02:04.481072,-2.828975763706863,0.7317503864780068,4.237821109628677
accelerometer,2023-10-19 22:02:04.491067,-1.481372529733181,2.43939046292603,7.483661226186156
accelerometer,2023-10-19 22:02:04.501062,0.2755995867691934,3.2729636858046054,10.993250478851795
accelerometer,2023-10-19 22:02:04.511057,2.0976040012829005,3.201633310562372,14.020290608096122
accelerometer,2023-10-19 22:02:04.521052,3.2901527210146186,3.715347679837048,16.676167520695923
accelerometer,2023-10-19 22:02:04.531047,3.9842341788336633,3.6714930482804773,19.15499158386588
accelerometer,2023-10-19 22:02:04.541042,4.361826844003796,3.144908968299627,21.49193932492733
accelerometer,2023-10-19 22:02:04.551037,4.137150658133626,2.722242943432927,23.153005573987958
accelerometer,2023-10-19 22:02:04.561032,3.507886248140037,2.259185871466994,23.714361692142486
accelerometer,2023-10-19 22:02:04.571026,2.544864515310526,2.1275766763508317,22.843629828214645
accelerometer,2023-10-19 22:02:04.581021,1.002936029262468,2.175456325639784,20.595488497853278
accelerometer,2023-10-19 22:02:04.591016,-0.7678156793326139,2.2070772063061592,16.580412313771248
accelerometer,2023-10-19 22:02:04.601011,-1.5382586384288965,1.910300391473621,6.209985690471529
accelerometer,2023-10-19 22:02:04.611006,-2.7797002761453387,2.0201777933835983,-2.906011364853382
accelerometer,2023-10-19 22:02:04.621001,-3.9140921365931627,3.871460032568872,-11.327201862955093
accelerometer,2023-10-19 22:02:04.630996,-3.6491438538283107,5.125245165160298,-19.90910080940723
accelerometer,2023-10-19 22:02:04.640991,-2.148417512066662,5.304219922563433,-28.25487629330158
accelerometer,2023-10-19 22:02:04.650986,-0.7051550788886845,5.977472819626331,-33.821154330146314
accelerometer,2023-10-19 22:02:04.660981,0.438718822588399,6.3610238086789845,-36.70175068323612
accelerometer,2023-10-19 22:02:04.670976,1.3871157446727156,6.037064241757989,-36.7426718916893
accelerometer,2023-10-19 22:02:04.680970,1.5960937184125183,5.770398925942183,-33.143585907971854
accelerometer,2023-10-19 22:02:04.690965,0.7221086979076266,5.179763521811366,-26.692124287998674
accelerometer,2023-10-19 22:02:04.700960,-1.1749670319423078,4.488433993048965,-18.5737792571187
accelerometer,2023-10-19 22:02:04.710955,-3.305560718026757,3.76610872978121,-9.988459688568115
accelerometer,2023-10-19 22:02:04.720950,-4.359108232694864,3.392356373426318,-1.5931798767924308
accelerometer,2023-10-19 22:02:04.730945,-3.704820732864737,3.058057783320546,5.751719359913468
accelerometer,2023-10-19 22:02:04.740940,-2.5929116301208732,2.704614932283759,12.32757717488408
accelerometer,2023-10-19 22:02:04.750935,-1.0324543846916407,2.536844874984026,18.151233059239388
accelerometer,2023-10-19 22:02:04.760930,0.9085827980902046,2.5042770688563585,22.74319026286602
accelerometer,2023-10-19 22:02:04.770925,2.0140612101994453,2.300038983120024,25.65563838276863
accelerometer,2023-10-19 22:02:04.780920,1.7818490758664904,1.34709382314682,26.97528305797577
accelerometer,2023-10-19 22:02:04.790915,2.7129800250470635,1.246202422377467,27.15002704594135
accelerometer,2023-10-19 22:02:04.800909,2.7724180101826787,0.8142778630390762,25.664693795883654
accelerometer,2023-10-19 22:02:04.810904,2.4780191765278574,-0.7740057661443949,21.81521500123739
accelerometer,2023-10-19 22:02:04.820899,2.005540634613484,-1.0670758354134857,18.007011635309457
accelerometer,2023-10-19 22:02:04.830894,0.17606087925042957,-0.5929221998937427,14.184129755687712
accelerometer,2023-10-19 22:02:04.840889,-1.6099503943294287,-0.15513707795888185,8.389017244249581
accelerometer,2023-10-19 22:02:04.850884,-2.832188588273525,1.1916311664953827,0.7883066786974668
accelerometer,2023-10-19 22:02:04.860879,-2.4333437301076946,3.1329294844314455,-7.810438188615441
accelerometer,2023-10-19 22:02:04.870874,-1.1738165467329322,4.937769121393561,-16.51587875906229
accelerometer,2023-10-19 22:02:04.880869,0.13917380341785027,6.035936699032783,-24.363328289210795
accelerometer,2023-10-19 22:02:04.890864,0.6388456736136228,6.44188072167933,-29.54583497225046
accelerometer,2023-10-19 22:02:04.900859,0.6082733521521091,6.374112422832846,-31.570289127779006
accelerometer,2023-10-19 22:02:04.910853,0.8612812409501522,6.077751056933403,-30.71381024560928
accelerometer,2023-10-19 22:02:04.920848,1.4953727057740092,5.4349038195282215,-27.47834597711563
accelerometer,2023-10-19 22:02:04.930843,1.287932316865027,4.675477782878279,-22.00233448665142
accelerometer,2023-10-19 22:02:04.940838,-0.4548910089060664,3.706872989219427,-14.218137239229678
accelerometer,2023-10-19 22:02:04.950833,-2.143723801292479,2.762667308279872,-6.077239015758037
accelerometer,2023-10-19 22:02:04.960828,-2.5947122498020527,1.9196369596175848,0.5576403125017881
accelerometer,2023-10-19 22:02:04.970823,-2.4800486365288497,1.157403902722895,6.460587175714969
accelerometer,2023-10-19 22:02:04.980818,-2.3938161679700016,0.6785176857233047,12.518282117569445
accelerometer,2023-10-19 22:02:04.990812,-2.0395630234636366,0.41965252226442096,18.021950845766067
accelerometer,2023-10-19 22:02:05.000807,-1.0871402068641036,0.15140870508551596,22.334146520638466
accelerometer,2023-10-19 22:02:05.010803,0.1964494046214968,-0.10323942520022392,25.173209086334705
accelerometer,2023-10-19 22:02:05.020796,1.1041482594840228,-0.3431801079586148,26.58163562232256
accelerometer,2023-10-19 22:02:05.030791,0.6368521617088466,-1.0928510587915778,26.789566425096986
accelerometer,2023-10-19 22:02:05.040787,1.0716137711040674,-2.1209809313476082,25.356426303613183
accelerometer,2023-10-19 22:02:05.050781,0.26592001387383785,-2.334033899441361,23.111958108806608
accelerometer,2023-10-19 22:02:05.060777,-0.9532876898005604,-1.7614125831678509,20.009264480423926
accelerometer,2023-10-19 22:02:05.070772,-2.179696155166626,-0.5966220773249864,14.980497575765847
accelerometer,2023-10-19 22:02:05.080767,-3.042572044897079,1.23952981274575,7.405633399131894
accelerometer,2023-10-19 22:02:05.090762,-2.8785733228296038,3.8998312637895345,-2.1531834112942216
accelerometer,2023-10-19 22:02:05.100757,-1.4999077188551424,6.7250044203430415,-12.532923221862315
accelerometer,2023-10-19 22:02:05.110752,0.2536929667190648,8.931220333644747,-23.08526883932352
accelerometer,2023-10-19 22:02:05.120747,1.510688348327577,10.041823029965162,-32.36265998717546
accelerometer,2023-10-19 22:02:05.130742,2.158350292538106,10.284729284530878,-38.117539856946465
accelerometer,2023-10-19 22:02:05.140736,3.0729148684516545,9.479407758146523,-39.31121538875103
accelerometer,2023-10-19 22:02:05.150731,3.870071793080866,8.292683360654115,-35.75659515422583
accelerometer,2023-10-19 22:02:05.160726,3.534547752833366,6.961697791743278,-29.043803149724006
accelerometer,2023-10-19 22:02:05.170721,1.2033687313664705,5.402020371580123,-20.316000525343416
accelerometer,2023-10-19 22:02:05.180716,-2.1928508202940225,4.112138089691102,-10.296764590239524
accelerometer,2023-10-19 22:02:05.190711,-4.502591405478119,2.8989456642508507,-1.0696902556955814
accelerometer,2023-10-19 22:02:05.200706,-5.16942332958281,1.5813754572302101,6.3059063170909875
accelerometer,2023-10-19 22:02:05.210701,-4.434645119716227,0.7038657697305083,11.92841302163601
accelerometer,2023-10-19 22:02:05.220695,-3.323976372422278,0.39567660339325667,16.685215919548273
accelerometer,2023-10-19 22:02:05.230691,-2.4574521893173453,0.364677654017508,21.022956370043755
accelerometer,2023-10-19 22:02:05.240686,-1.6565205684550106,0.30745939075797796,24.659772072696683
accelerometer,2023-10-19 22:02:05.250679,-0.6658673168562352,0.20546908883601425,27.37530178222656
accelerometer,2023-10-19 22:02:05.260675,-1.1370807342056184,-0.4109083670556545,29.215638556766507
accelerometer,2023-10-19 22:02:05.270670,-0.4240712154895067,-1.2630866294220089,30.090050570511817
accelerometer,2023-10-19 22:02:05.280665,-0.19724786152280865,-1.544959743502736,29.922145488655566
accelerometer,2023-10-19 22:02:05.290660,-0.5112848040401935,-1.3984481628090142,27.03421221680641
accelerometer,2023-10-19 22:02:05.300655,-0.8527392572499811,-0.3952051864892244,21.23585794696808
accelerometer,2023-10-19 22:02:05.310650,-1.5689035136699676,1.1368009674161672,13.700737167179584
accelerometer,2023-10-19 22:02:05.320645,-2.3724711821243165,3.0051161744669077,4.630757182142138
accelerometer,2023-10-19 22:02:05.330640,-2.320156765258312,5.261393757271766,-5.376840337616205
accelerometer,2023-10-19 22:02:05.340635,-0.9576545797731727,7.774983428874611,-15.455679969811438
accelerometer,2023-10-19 22:02:05.350630,0.9825445447493344,9.367222225424646,-25.139781448507307
accelerometer,2023-10-19 22:02:05.360625,1.8083073130726812,10.32469187708497,-32.90053001580238
accelerometer,2023-10-19 22:02:05.370619,1.402708450601995,10.521946972066164,-37.31266724337339
accelerometer,2023-10-19 22:02:05.380614,2.473832246232033,9.777879832589626,-39.29177652878761
accelerometer,2023-10-19 22:02:05.390609,4.330463152968883,8.860038426962495,-38.31668646476268
accelerometer,2023-10-19 22:02:05.400604,4.458201644131541,7.63451463547647,-33.390941543161865
accelerometer,2023-10-19 22:02:05.410599,2.182704835463315,6.591781944811344,-25.316964061796664
accelerometer,2023-10-19 22:02:05.420594,-1.4798874057419598,5.425546208596229,-14.984268910998106
accelerometer,2023-10-19 22:02:05.430589,-4.149753534597158,4.19355935857594,-4.228610213690996
accelerometer,2023-10-19 22:02:05.440584,-5.5834144650846715,2.658932208517194,5.219996163478493
accelerometer,2023-10-19 22:02:05.450579,-5.942156591573357,1.3016685812726616,13.356846572864054
accelerometer,2023-10-19 22:02:05.460574,-5.181507150608301,0.7344166830778122,20.32919902961254
accelerometer,2023-10-19 22:02:05.470569,-3.405267877447605,0.41883945231586694,25.498200918912886
accelerometer,2023-10-19 22:02:05.480563,-1.5538719487547874,0.14383797757029532,28.62328874993324
accelerometer,2023-10-19 22:02:05.490558,-1.7109591378681361,-0.5155816244512796,31.30988696401119
accelerometer,2023-10-19 22:02:05.500553,-0.9002195319578051,-0.7842617872208356,33.356920031094546
accelerometer,2023-10-19 22:02:05.510548,-0.5627511527094989,-1.1880249586969613,33.5804412017107
accelerometer,2023-10-19 22:02:05.520543,-0.6593262977149337,-1.757195549994707,31.819251029121872
accelerometer,2023-10-19 22:02:05.530538,-0.9545471883423626,-0.9919394920170307,28.377436505043505
accelerometer,2023-10-19 22:02:05.540533,-0.3994013960700482,0.44441389242485163,19.593985058677195
accelerometer,2023-10-19 22:02:05.550528,-0.7475065393406898,1.8560213965363799,9.55045054861903
accelerometer,2023-10-19 22:02:05.560523,-1.9122665769800542,4.425726192462444,0.9950327818572521
accelerometer,2023-10-19 22:02:05.570518,-1.192460603056848,6.774349173748493,-8.236120930954813
accelerometer,2023-10-19 22:02:05.580513,0.6655356737490743,8.728783452111482,-17.504987996089458
accelerometer,2023-10-19 22:02:05.590508,1.5384315107777713,10.4795796564579,-25.21961778628826
accelerometer,2023-10-19 22:02:05.600502,1.2527674799814819,11.228437537342309,-31.776580931174752
accelerometer,2023-10-19 22:02:05.610497,0.8932505697280168,10.724355212026834,-36.131472422957415
accelerometer,2023-10-19 22:02:05.620492,3.190182234482467,9.955369904392956,-37.06930739982128
accelerometer,2023-10-19 22:02:05.630486,5.195720384877919,9.096735890015959,-34.364067613637445
accelerometer,2023-10-19 22:02:05.640482,4.791345218983293,7.439371418082714,-29.08547956045866
accelerometer,2023-10-19 22:02:05.650477,1.84889665922299,5.748409212452173,-21.024209584975242
accelerometer,2023-10-19 22:02:05.660472,-2.0505407829433677,4.061551811791956,-10.979871941840647
accelerometer,2023-10-19 22:02:05.670467,-4.769989711743593,2.123445567895472,-1.0598217726320027
accelerometer,2023-10-19 22:02:05.680462,-6.059154493013024,0.3095046328499913,8.243986842024325
accelerometer,2023-10-19 22:02:05.690457,-5.517998866844177,-0.7585811102584004,16.195387745034694
accelerometer,2023-10-19 22:02:05.700452,-3.5416736591905353,-1.1546113493949175,22.094747397410867
accelerometer,2023-10-19 22:02:05.710446,-1.2948784827411175,-1.4068030264392495,25.822697076928613
accelerometer,2023-10-19 22:02:05.720441,-0.04527114729098975,-1.5465701013088224,28.12490668208599
accelerometer,2023-10-19 22:02:05.730436,-0.26368615387454625,-1.596114761200547,30.580249331903456
accelerometer,2023-10-19 22:02:05.740431,-0.348954051717557,-2.1381626600340007,31.617588639092443
accelerometer,2023-10-19 22:02:05.750426,-0.046199769910611206,-2.6475711488083005,31.24698071824312
accelerometer,2023-10-19 22:02:05.760421,-0.2921771755499765,-1.8347391006633638,29.77092266153097
accelerometer,2023-10-19 22:02:05.770416,-1.1009471253551542,-0.07717778609618545,26.25027483923435
accelerometer,2023-10-19 22:02:05.780411,-0.3045927127478644,2.2484468891792,14.644184723228216
accelerometer,2023-10-19 22:02:05.790406,-0.189729466983024,4.987128487846255,1.4631594121724367
accelerometer,2023-10-19 22:02:05.800400,-0.1910778676509857,8.414910979440808,-9.485483278667926
accelerometer,2023-10-19 22:02:05.810396,1.0911023154281079,9.568769464641809,-19.455172800314426
accelerometer,2023-10-19 22:02:05.820390,1.7008374106958508,9.854549230772257,-26.410403441870212
accelerometer,2023-10-19 22:02:05.830385,1.192022211639583,10.255148969781398,-30.193080736875533
accelerometer,2023-10-19 22:02:05.840380,0.8253907201405614,9.78026059024632,-32.689438118648525
accelerometer,2023-10-19 22:02:05.850375,0.7640701361287385,8.311202767685055,-33.61859411449432
accelerometer,2023-10-19 22:02:05.860370,1.3877435211822389,6.647766866883635,-32.20439250223637
accelerometer,2023-10-19 22:02:05.870365,1.7454196258746086,5.263797311282158,-28.29296607772112
accelerometer,2023-10-19 22:02:05.880360,0.42570159317031503,3.9423996549278497,-22.019407202005386
accelerometer,2023-10-19 22:02:05.890355,-2.5904554691404105,2.84021758095026,-13.856353260827063
accelerometer,2023-10-19 22:02:05.900350,-5.437266457006335,1.8513117575407028,-5.912717731121182
accelerometer,2023-10-19 22:02:05.910345,-6.357205711695552,1.152593433701247,0.12087795774340629
accelerometer,2023-10-19 22:02:05.920340,-5.605146404421329,0.7325660867750644,4.232479164078831
accelerometer,2023-10-19 22:02:05.930334,-4.183717763519287,0.6730111972615123,7.089557863458991
accelerometer,2023-10-19 22:02:05.940329,-3.1416683789432045,0.9256441883325576,9.05281316165924
accelerometer,2023-10-19 22:02:05.950324,-2.79691210770905,1.039617481254041,10.347884536623955
accelerometer,2023-10-19 22:02:05.960319,-2.7976588344231246,0.8282485207244753,11.374460457736253
accelerometer,2023-10-19 22:02:05.970314,-2.555801504388451,0.5959130522727966,12.316081967401503
accelerometer,2023-10-19 22:02:05.980309,-2.0750201212920247,0.356743938408792,13.136703938770294
accelerometer,2023-10-19 22:02:05.990304,-1.55946655389145,0.26266864739507434,13.563463370430469
accelerometer,2023-10-19 22:02:06.000299,-1.4456804541051387,0.05364011251181364,13.504627735102176
accelerometer,2023-10-19 22:02:06.010294,-1.1577676214687525,-0.5361114945217966,13.525083663153648
accelerometer,2023-10-19 22:02:06.020289,0.26140509373266246,-0.4340355601429939,13.510283568906782
accelerometer,2023-10-19 22:02:06.030284,0.2304131951522082,-0.052721828623116015,13.454730608510971
accelerometer,2023-10-19 22:02:06.040279,0.32935525195207443,0.10967267311811446,12.702975837141274
accelerometer,2023-10-19 22:02:06.050273,1.1271383091229945,0.16981033095568418,11.494806500560044
accelerometer,2023-10-19 22:02:06.060268,1.3585481140971183,0.4869143328934908,10.273090284663438
accelerometer,2023-10-19 22:02:06.070263,1.103239620206505,0.7719491258755325,8.263798042431473
accelerometer,2023-10-19 22:02:06.080258,0.9935700158283114,0.7251406129494309,5.361763764515519
accelerometer,2023-10-19 22:02:06.090253,0.9228604028329253,0.9164894064962863,3.5335990738064047
accelerometer,2023-10-19 22:02:06.100248,0.8119964741036295,1.3797326486840844,2.6285557749539614
accelerometer,2023-10-19 22:02:06.110243,0.951875265719369,1.403010356158018,2.3276684560626744
accelerometer,2023-10-19 22:02:06.120238,1.2119998546548187,1.1280410301163792,2.5355682791769505
accelerometer,2023-10-19 22:02:06.130233,1.2309431861862539,1.1679176979526877,2.889095301365852
accelerometer,2023-10-19 22:02:06.140228,1.2384521005116402,1.4131445044204591,2.660482945090532
accelerometer,2023-10-19 22:02:06.150223,1.396674723395705,1.6186792058385908,1.4277701188832521
accelerometer,2023-10-19 22:02:06.160217,1.5253054872229694,1.725643642911315,-0.365513228058815
accelerometer,2023-10-19 22:02:06.170212,1.3749319704040883,1.983307029365003,-2.290381804719567
accelerometer,2023-10-19 22:02:06.180207,0.9818070973202586,2.505049222272634,-4.594215796208381
accelerometer,2023-10-19 22:02:06.190202,0.5707326529826968,2.8799393504858015,-7.449951264286041
accelerometer,2023-10-19 22:02:06.200197,0.21987886859104036,3.18503873411417,-10.825153673815727
accelerometer,2023-10-19 22:02:06.210192,0.04752162963151931,3.337731926052272,-14.171611634898184
accelerometer,2023-10-19 22:02:06.220187,0.014978592618927358,3.2381270579621195,-16.470903306782244
accelerometer,2023-10-19 22:02:06.230182,-0.06978380338735878,3.1823239221975204,-17.219568295443057
accelerometer,2023-10-19 22:02:06.240177,-0.17029153860136867,3.1652032760486004,-16.674669975614545
accelerometer,2023-10-19 22:02:06.250172,-0.19071495262272656,2.9304885112449526,-15.369859296923876
accelerometer,2023-10-19 22:02:06.260167,-0.3259283097106963,2.690012114174664,-13.43759242670536
accelerometer,2023-10-19 22:02:06.270161,-0.540231643191725,2.489402155807614,-11.048215410226582
accelerometer,2023-10-19 22:02:06.280156,-0.892601531234756,2.1361178563334047,-8.517789754635094
accelerometer,2023-10-19 22:02:06.290151,-1.2619905047483742,1.812848317503184,-5.940564353945851
accelerometer,2023-10-19 22:02:06.300146,-1.759967060534656,1.509958426617831,-3.349317442166805
accelerometer,2023-10-19 22:02:06.310141,-2.205861985297501,1.1582853617325424,-0.8747796780139208
accelerometer,2023-10-19 22:02:06.320136,-2.426443303069472,0.7872825963467359,1.3577777142465113
accelerometer,2023-10-19 22:02:06.330131,-2.22954973487705,0.5604802121028304,3.1747967415630813
accelerometer,2023-10-19 22:02:06.340126,-1.6223197542980312,0.439870111515373,4.527590822178125
accelerometer,2023-10-19 22:02:06.350121,-0.9855090205781161,0.3294347834616899,5.580595316010713
accelerometer,2023-10-19 22:02:06.360116,-0.5572838637469336,0.1647553856536746,6.4973606168389315
accelerometer,2023-10-19 22:02:06.370111,-0.3118455334203318,-0.07903904992341995,7.404868259978294
accelerometer,2023-10-19 22:02:06.380105,-0.0859276586596854,-0.31303222245424983,8.224403020632266
accelerometer,2023-10-19 22:02:06.390100,0.09626032516891136,-0.46129590751230715,8.942785099232196
accelerometer,2023-10-19 22:02:06.400095,0.26278644682215524,-0.537295151348412,9.59470879254043
accelerometer,2023-10-19 22:02:06.410090,0.3486718372426927,-0.6134332191333174,10.149145925086737
accelerometer,2023-10-19 22:02:06.420085,0.3869766891850158,-0.7258300565183162,10.673571950250864
accelerometer,2023-10-19 22:02:06.430080,0.43520288688931613,-0.8156094039037823,11.270334897351264
accelerometer,2023-10-19 22:02:06.440075,0.43848578101750463,-0.8660267549768089,11.886682834887504
accelerometer,2023-10-19 22:02:06.450070,0.45867798009887334,-0.8263008937880396,12.413790646481512
accelerometer,2023-10-19 22:02:06.460065,1.5738964996516704,0.42284488856494423,12.411736636561155
accelerometer,2023-10-19 22:02:06.470060,2.4670734196215864,0.9281319134950637,12.257353884100914
accelerometer,2023-10-19 22:02:06.480055,1.1439147449441254,-0.7409950385548174,11.649048967766761
accelerometer,2023-10-19 22:02:06.490049,0.526828665859066,-0.5619995306245983,10.216051469624041
accelerometer,2023-10-19 22:02:06.500044,0.5691149521203711,0.3834482593305409,8.300914013382792
accelerometer,2023-10-19 22:02:06.510039,0.5313447915766388,1.1364974544249475,6.082264150443673
accelerometer,2023-10-19 22:02:06.520034,-0.0005193476989865303,1.7673270679086446,3.8443583828926085
accelerometer,2023-10-19 22:02:06.530029,-0.9688691436834633,2.6249317392379043,0.667461454179883
accelerometer,2023-10-19 22:02:06.540024,-2.345080047982186,4.1506139508187765,-3.9469630173206327
accelerometer,2023-10-19 22:02:06.550019,-3.754744455201924,6.2720993245571846,-10.314033704948425
accelerometer,2023-10-19 22:02:06.560014,-5.070697582414746,8.356240179285406,-18.17705256015062
accelerometer,2023-10-19 22:02:06.570009,-6.488134523332119,10.646897878336906,-26.942648031830785
accelerometer,2023-10-19 22:02:06.580004,-6.591380378273129,12.831309956109523,-36.96116383596659
accelerometer,2023-10-19 22:02:06.589999,-4.133312687405944,13.908106828939914,-47.16768993687629
accelerometer,2023-10-19 22:02:06.599994,0.8988112725950776,12.796714443546533,-53.389527977705
accelerometer,2023-10-19 22:02:06.609988,4.197593144136667,12.146163792157173,-51.62212083029747
accelerometer,2023-10-19 22:02:06.619983,2.074242853309214,12.97715985802412,-41.55298776860237
accelerometer,2023-10-19 22:02:06.629978,-4.041518493066728,13.007365611195564,-27.169143249821662
accelerometer,2023-10-19 22:02:06.639973,-10.796980887776613,11.89178454194069,-11.393965953195094
accelerometer,2023-10-19 22:02:06.649968,-13.342002054953575,10.89359300379157,4.831647418755293
accelerometer,2023-10-19 22:02:06.659963,-9.97858360671997,10.68899982100725,20.66564515314102
accelerometer,2023-10-19 22:02:06.669958,-0.7540532575704156,11.31403959904313,34.609896477651596
accelerometer,2023-10-19 22:02:06.679953,6.320826822847128,11.34764843865633,45.50062415513992
accelerometer,2023-10-19 22:02:06.689948,10.57435988087058,9.181523128202556,51.03013576512336
accelerometer,2023-10-19 22:02:06.699943,13.1325889046669,8.756701971128582,53.93143120737076
accelerometer,2023-10-19 22:02:06.709937,12.122847213977575,7.381007491919398,53.94443097419738
accelerometer,2023-10-19 22:02:06.719932,9.568203062930703,6.13476999822855,51.648284030079836
accelerometer,2023-10-19 22:02:06.729927,4.503853680498898,5.365769493025541,49.55588738818168
accelerometer,2023-10-19 22:02:06.739922,-0.3004556494757533,5.243897848069667,43.784940180706975
accelerometer,2023-10-19 22:02:06.749917,-3.1806042587980627,6.4578767477124925,30.75238167606592
accelerometer,2023-10-19 22:02:06.759912,-6.223317465731501,9.20611688671112,16.721384965038297
accelerometer,2023-10-19 22:02:06.769907,-8.019200766038894,12.96759123468995,0.23053952494561672
accelerometer,2023-10-19 22:02:06.779902,-7.540396674364805,15.858452961206435,-18.67845777521133
accelerometer,2023-10-19 22:02:06.789897,-5.797924061727524,17.963208733940125,-37.57397424702644
accelerometer,2023-10-19 22:02:06.799892,-3.2966414985120296,18.708049780398607,-53.229925444769854
accelerometer,2023-10-19 22:02:06.809887,0.3444943323623389,18.390439290243386,-63.771529887986176
accelerometer,2023-10-19 22:02:06.819881,2.9017072379186746,16.3881420214653,-67.02907037920951
accelerometer,2023-10-19 22:02:06.829876,3.6199507848307486,14.011591753333807,-62.06424432406425
accelerometer,2023-10-19 22:02:06.839871,2.7534061434596775,12.225619021666049,-50.01451261518001
accelerometer,2023-10-19 22:02:06.849866,-0.7939755181141197,10.589340007859468,-33.856204600739474
accelerometer,2023-10-19 22:02:06.859861,-4.4892239743828775,9.134227708542346,-16.334761144411562
accelerometer,2023-10-19 22:02:06.869856,-6.05684855415821,7.725513003262877,-0.9251420840293169
accelerometer,2023-10-19 22:02:06.879851,-6.430943148079514,5.567851569771767,11.529288615876435
accelerometer,2023-10-19 22:02:06.889846,-5.87777267446816,3.9257825743868944,22.07381917567253
accelerometer,2023-10-19 22:02:06.899841,-4.240255058777332,3.6309377505302427,30.641984195804593
accelerometer,2023-10-19 22:02:06.909836,-1.683888029460609,3.7838235424309965,35.91536532799005
accelerometer,2023-10-19 22:02:06.919831,1.5471628065049647,3.175754188418388,39.4605069555521
accelerometer,2023-10-19 22:02:06.929825,0.9914501741301268,3.1094892798721787,43.589957706832884
accelerometer,2023-10-19 22:02:06.939820,0.6057897186428308,1.5937714129447935,45.91416170165539
accelerometer,2023-10-19 22:02:06.949815,0.19214699471984056,0.37628538196384903,44.52502438802719
accelerometer,2023-10-19 22:02:06.959810,-1.4480641343712806,0.0927545638039708,40.234965726161
accelerometer,2023-10-19 22:02:06.969805,-3.541766013649106,1.9452707286983728,33.54897521934509
accelerometer,2023-10-19 22:02:06.979800,-2.9352964960485695,5.6182350185751915,17.194695719993113
accelerometer,2023-10-19 22:02:06.989795,-3.7104452947482462,8.716995983684063,1.1052350318074227
accelerometer,2023-10-19 22:02:06.999790,-2.5691096065118906,11.931088962846994,-15.893290465831756
accelerometer,2023-10-19 22:02:07.009785,-0.8985187193892895,14.042594794362783,-31.120036592328546
accelerometer,2023-10-19 22:02:07.019780,0.7297293289791792,15.105695150274038,-43.8863944760561
accelerometer,2023-10-19 22:02:07.029775,2.796796664635837,15.581998657304048,-52.34466938092708
accelerometer,2023-10-19 22:02:07.039770,4.309243547068536,14.712338806521892,-54.62589465024471
accelerometer,2023-10-19 22:02:07.049764,4.720392444881797,12.968739235681294,-49.911510505867
accelerometer,2023-10-19 22:02:07.059759,3.7194098147094246,11.038347511684893,-40.080810937237736
accelerometer,2023-10-19 22:02:07.069754,0.800187232235819,8.88406753732562,-27.0451965521574
accelerometer,2023-10-19 22:02:07.079749,-2.7182176334396004,7.2003002116352315,-11.845125666618346
accelerometer,2023-10-19 22:02:07.089744,-4.447684634031355,5.5124885789901015,2.0311311490744353
accelerometer,2023-10-19 22:02:07.099739,-5.0430543732076885,3.1211785486221313,13.349617206132411
accelerometer,2023-10-19 22:02:07.109734,-4.630496485379338,1.8208716110914944,23.14175937283039
accelerometer,2023-10-19 22:02:07.119729,-2.3103812211751937,1.680166963110864,30.794203048229214
accelerometer,2023-10-19 22:02:07.129724,0.6032215851878747,1.184300969737768,35.56778756959438
accelerometer,2023-10-19 22:02:07.139719,0.7881312490653246,-0.014065350231528282,40.0198523184061
accelerometer,2023-10-19 22:02:07.149714,-0.9760589821223169,-0.04654810842424631,45.14099355537891
accelerometer,2023-10-19 22:02:07.159708,-1.9012096147842703,-1.1193103189110756,47.72265372364521
accelerometer,2023-10-19 22:02:07.169703,-2.713149244134128,-1.572452146062255,46.1470305463314
accelerometer,2023-10-19 22:02:07.179698,-4.742142796657979,0.236769943767786,41.03699990143776
accelerometer,2023-10-19 22:02:07.189693,-6.169989780169725,4.051185316078365,31.637317421913146
accelerometer,2023-10-19 22:02:07.199688,-3.6727629220858216,9.510023845684527,8.734089157304167
accelerometer,2023-10-19 22:02:07.209683,-2.052195418282598,13.711979861205815,-12.727669548892974
accelerometer,2023-10-19 22:02:07.219678,-0.6944227455373853,16.671264551085233,-31.413793913209435
accelerometer,2023-10-19 22:02:07.229673,-0.3638531858921051,18.527799596232175,-45.839506565904614
accelerometer,2023-10-19 22:02:07.239668,1.0329575849734247,19.062928217196465,-55.67493374757766
accelerometer,2023-10-19 22:02:07.249663,3.6782407689750194,19.4797262268126,-58.85477491304874
accelerometer,2023-10-19 22:02:07.259658,5.7820765042543405,18.25764526925683,-56.29621037368774
accelerometer,2023-10-19 22:02:07.269652,6.005777123090624,15.514093580335377,-50.416789932012556
accelerometer,2023-10-19 22:02:07.279647,2.877245289096236,12.873790668964386,-40.170411128664014
accelerometer,2023-10-19 22:02:07.289642,-2.420914018253982,11.148701737326382,-25.2999988984704
accelerometer,2023-10-19 22:02:07.299637,-6.267081204134225,9.355172891190648,-9.164316557335853
accelerometer,2023-10-19 22:02:07.309632,-7.795287965756654,7.114134086310863,5.003927062433958
accelerometer,2023-10-19 22:02:07.319627,-7.5683391587793825,5.765481927806139,17.29403404610157
accelerometer,2023-10-19 22:02:07.329622,-5.38268789460063,5.399708002984523,28.043548249304294
accelerometer,2023-10-19 22:02:07.339617,-1.888183544472605,5.366828646689653,34.99540970668792
accelerometer,2023-10-19 22:02:07.349612,-0.06325091275358573,4.968460612255335,40.391149975085256
accelerometer,2023-10-19 22:02:07.359607,-1.2442911819286644,4.587726434189081,45.85823932342529
accelerometer,2023-10-19 22:02:07.369602,-2.59912802041769,2.9738018755316733,48.45491936616897
accelerometer,2023-10-19 22:02:07.379596,-4.213527503110468,1.4594482826948165,47.17663078370094
accelerometer,2023-10-19 22:02:07.389591,-5.757827613660693,0.7954051125258207,42.35702802300453
accelerometer,2023-10-19 22:02:07.399586,-6.747101101338863,1.0860688513055443,36.0100228028059
accelerometer,2023-10-19 22:02:07.409581,-6.442613712128996,2.832050933368504,27.175140444409845
accelerometer,2023-10-19 22:02:07.419576,-4.341412709267437,5.093336699724197,13.338179281795025
accelerometer,2023-10-19 22:02:07.429571,-3.7165322134464978,7.188558335915207,2.0192536642760035
accelerometer,2023-10-19 22:02:07.439566,-1.9518251187779008,9.677195352569221,-9.292095380508899
accelerometer,2023-10-19 22:02:07.449561,0.1433687891559675,11.359426554733513,-20.005892958164214
accelerometer,2023-10-19 22:02:07.459556,1.6037058008514344,11.843410679394006,-29.304326894044873
accelerometer,2023-10-19 22:02:07.469551,2.009084444700181,12.56415539547205,-36.71172730284929
accelerometer,2023-10-19 22:02:07.479546,2.460145958445966,13.003535823774337,-42.56179305522441
accelerometer,2023-10-19 22:02:07.489540,3.005937719982862,12.351269016116857,-44.99913243083954
accelerometer,2023-10-19 22:02:07.499535,3.150526808181405,11.341562396740914,-42.489415216755866
accelerometer,2023-10-19 22:02:07.509530,3.37582901699543,10.31178563376069,-37.085793255198
accelerometer,2023-10-19 22:02:07.519525,3.193265002928674,8.859901064318418,-30.51921589426994
accelerometer,2023-10-19 22:02:07.529520,1.63026691391021,7.791292174118757,-22.29081240582466
accelerometer,2023-10-19 22:02:07.539515,-1.184383095063269,7.000734501624107,-11.834054822027683
accelerometer,2023-10-19 22:02:07.549510,-2.968048134310543,6.216594879478216,-1.1855407406657934
accelerometer,2023-10-19 22:02:07.559505,-3.0424504643440247,5.588083041417598,7.6759321030139915
accelerometer,2023-10-19 22:02:07.569500,-2.1287910205766556,5.176116689741611,15.502821660214662
accelerometer,2023-10-19 22:02:07.579495,-0.4977659817755222,4.71635807479918,22.96088491928577
accelerometer,2023-10-19 22:02:07.589490,1.7028431975603102,4.507526523792744,27.96665790184736
accelerometer,2023-10-19 22:02:07.599484,3.060914634056389,3.7974142608880994,31.29207775107622
accelerometer,2023-10-19 22:02:07.609479,2.572811383639276,3.5071617332577705,34.80521563613414
accelerometer,2023-10-19 22:02:07.619474,1.9818452862493692,2.627687175425887,36.22551965692043
accelerometer,2023-10-19 22:02:07.629469,1.4755403164483607,1.046613331490755,35.18119180601835
accelerometer,2023-10-19 22:02:07.639464,-0.23615316357631236,-0.02337152323722839,33.046929368293284
accelerometer,2023-10-19 22:02:07.649459,-2.6262577271446585,0.47456806153953074,29.84418195900917
accelerometer,2023-10-19 22:02:07.659454,-4.735374909958243,2.3336872779607774,24.98309684884548
accelerometer,2023-10-19 22:02:07.669449,-5.739737830218672,5.260992775255441,17.929341535651684
accelerometer,2023-10-19 22:02:07.679444,-3.2820918718948957,8.700442323768138,1.543674964389205
accelerometer,2023-10-19 22:02:07.689439,-1.9204276716038584,9.408795175784826,-13.186495851421355
accelerometer,2023-10-19 22:02:07.699434,-0.15505056871920822,8.32270382038653,-25.006660095262525
accelerometer,2023-10-19 22:02:07.709428,-0.4136922986857593,7.966606070926785,-30.080964762258528
accelerometer,2023-10-19 22:02:07.719423,-0.5242791640393436,6.397807186675071,-29.732617773056027
accelerometer,2023-10-19 22:02:07.729418,0.8128400853209197,5.415412352594733,-25.84939569876194
accelerometer,2023-10-19 22:02:07.739413,2.263962730479985,5.004029353764653,-21.141958012521265
accelerometer,2023-10-19 22:02:07.749408,3.209265120615065,4.227704204761982,-16.654597493922708
accelerometer,2023-10-19 22:02:07.759403,2.5818524759680033,3.2681945717066525,-12.736343853735923
accelerometer,2023-10-19 22:02:07.769398,1.1772510512262582,2.139039296738058,-9.383271442949772
accelerometer,2023-10-19 22:02:07.779393,0.11266776328086853,1.0155476004891097,-6.338813145914673
accelerometer,2023-10-19 22:02:07.789388,-0.7327810446999967,0.15607070554718375,-3.210430949524045
accelerometer,2023-10-19 22:02:07.799383,-1.168333731407672,-0.2464499185219407,-0.13890344377756117
